titulo,autor,paginas,precio,popularidad
Harry Potter and the Sorcerer's Stone,J.K. Rowling,320,9.99,10
To Kill a Mockingbird,Harper Lee,306,8.99,8
The Great Gatsby,F. Scott Fitzgerald,180,7.99,7
1984,George Orwell,328,10.49,4
The Catcher in the Rye,J.D. Salinger,224,9.49,6
The Hunger Games,Suzanne Collins,374,11.99,8
The Da Vinci Code,Dan Brown,464,12.99,7
Pride and Prejudice,Jane Austen,432,10.99,9
The Hobbit,J.R.R. Tolkien,320,11.79,8
The Lord of the Rings,J.R.R. Tolkien,1158,20.70,5
The Catcher in the Rye,J.D. Salinger,224,9.49,6
The Hunger Games,Suzanne Collins,374,11.99,8
The Da Vinci Code,Dan Brown,464,12.99,7
Pride and Prejudice,Jane Austen,432,10.99,9
The Hobbit,J.R.R. Tolkien,320,11.79,8
The Lord of the Rings,J.R.R. Tolkien,1078,22.7,10
The Catcher in the Rye,J.D. Salinger,224,9.49,6
The Hunger Games,Suzanne Collins,374,11.99,8
The Da Vinci Code,Dan Brown,464,12.99,7
Pride and Prejudice,Jane Austen,432,10.99,9
The Hobbit,J.R.R. Tolkien,320,11.79,8
The Lord of the Rings,J.R.R. Tolkien,978,20.99,9
The Catcher in the Rye,J.D. Salinger,224,9.49,6
The Hunger Games,Suzanne Collins,374,11.99,8
The Da Vinci Code,Dan Brown,464,12.99,7
Pride and Prejudice,Jane Austen,432,10.99,9
The Hobbit,J.R.R. Tolkien,320,11.79,8
The Lord of the Rings,J.R.R. Tolkien,778,18.99,3
The Catcher in the Rye,J.D. Salinger,224,9.49,6
The Hunger Games,Suzanne Collins,374,11.99,8
The Da Vinci Code,Dan Brown,464,12.99,7
Pride and Prejudice,Jane Austen,432,10.99,9
The Hobbit,J.R.R. Tolkien,320,11.79,8
The Lord of the Rings,J.R.R. Tolkien,1278,21.99,7
The Catcher in the Rye,J.D. Salinger,224,9.49,6
The Hunger Games,Suzanne Collins,374,11.99,8
The Da Vinci Code,Dan Brown,464,12.99,7
Pride and Prejudice,Jane Austen,432,10.99,9
The Hobbit,J.R.R. Tolkien,320,11.79,8
The Lord of the Rings,J.R.R. Tolkien,1480,22.99,8
The Catcher in the Rye,J.D. Salinger,224,9.49,6
The Hunger Games,Suzanne Collins,374,11.99,8
The Da Vinci Code,Dan Brown,464,12.99,7
The Hunger Games 2,Suzanne Collins,494,14.99,10
The Da Vinci Code 2,Dan Brown,764,15.99,7